Workbook

Sheet ART
C1: CONTROL DE INDICADORES PROACTIVOS DE GESTIÓN HSE | K1: CODIGO: F-HSE-77
A4: Fecha de emision: 10-01-2022 | C4: Fecha de actualización: 23/06/2025 | I4: Revision: 02 | K4: Pagina 1 de 1
A6: INDICADOR: | I6: Realizado por: Ing. Diego Cushi MSc.
A7: ANÁLISIS DE RIESGO DE TAREA (ART) | I7: Periodo: 2026
B11: ENE | C11: FEB | D11: MAR | E11: ABR | F11: MAY | G11: JUN | H11: JUL | I11: AGO | J11: SEP | K11: OCT | L11: NOV | M11: DIC
A12: ART programados | B12: 6 | C12: 5 | D12: 5 | E12: 4 | F12: 4 | G12: 4 | H12: 6 | I12: 2 | J12: 2
A13: ART realizados | B13: 6 | C13: 5 | D13: 5 | E13: 4 | F13: 4 | G13: 4 | H13: 6 | I13: 2 | J13: 2
A15: I ART | B15: =(B13/B12)*100 -> 100 | C15: =(C13/C12)*100 -> 100 | D15: =(D13/D12)*100 -> 100 | E15: =(E13/E12)*100 -> 100 | F15: =(F13/F12)*100 -> 100 | G15: =(G13/G12)*100 -> 100 | H15: =(H13/H12)*100 -> 100 | I15: =(I13/I12)*100 -> 100 | ... M15: =(M13/M12)*100 -> #DIV/0!

Sheet OPAS
C1: CONTROL DE INDICADORES PROACTIVOS DE GESTIÓN HSE | K1: CODIGO: F-HSE-77
A4: Fecha de emision: 10-01-2022 | C4: Fecha de actualización: 23/06/2025 | I4: Revision: 02 | K4: Pagina 1 de 1
A6: INDICADOR: | I6: Realizado por: Ing. Diego Cushi MSc.
A7: OBSERVACIÓN PLANEADA DE ACCIÓN SUBESTÁNDAR (OPAS) | I7: Periodo: 2026
A8: Inspecciones de trabajo y actos inseguros
B10: ENE | C10: FEB | D10: MAR | E10: ABR | F10: MAY | G10: JUN | H10: JUL | I10: AGO | J10: SEP | K10: OCT | L10: NOV | M10: DIC
A11: Inspecciones programadas | B11: 6 | C11: 7 | D11: 5 | E11: 5 | F11: 6 | G11: 6 | H11: 6 | I11: 10 | J11: 4
A12: Inspecciones realizadas | B12: 6 | C12: 7 | D12: 5 | E12: 5 | F12: 6 | G12: 6 | H12: 6 | I12: 10 | J12: 4
A13: # Personas observadas | B13: 19 | C13: 19 | D13: 19 | E13: 19 | F13: 19 | G13: 19 | H13: 19 | I13: 19 | J13: 19 | K13: 19 | L13: 19 | M13: 19
A14: # Personas conforme | B14: 19 | C14: 19 | D14: 19 | E14: 19 | F14: 19 | G14: 19 | H14: 19 | I14: 19 | J14: 19 | K14: 19 | L14: 19 | M14: 19
A16: I OPAI | B16: =(B12*B14*100)/(B11*B13) -> 100 | C16: =(C12*C14*100)/(C11*C13) -> 100 | D16: =(D12*D14*100)/(D11*D13) -> 100 | E16: =(E12*E14*100)/(E11*E13) -> 100 | F16: =(F12*F14*100)/(F11*F13) -> 100 | G16: =(G12*G14*100)/(G11*G13) -> 100 | H16: =(H12*H14*100)/(H11*H13) -> 100 | I16: =(I12*I14*100)/(I11*I13) -> 100 | ... M16: =(M12*M14*100)/(M11*M13) -> #DIV/0!

Sheet IDPS
C1: CONTROL DE INDICADORES PROACTIVOS DE GESTIÓN HSE | K1: CODIGO: F-HSE-77
A4: Fecha de emision: 10-01-2022 | C4: Fecha de actualización: 23/06/2025 | I4: Revision: 02 | K4: Pagina 1 de 1
A6: Diálogo Periódico de Seguridad (IDPS) | I6: Realizado por: Ing. Diego Cushi MSc.
A7: Charlas prejornadas | I7: Periodo: 2026
B9: ENE | C9: FEB | D9: MAR | E9: ABR | F9: MAY | G9: JUN | H9: JUL | I9: AGO | J9: SEP | K9: OCT | L9: NOV | M9: DIC
A10: Diàlogos programados | B10: 6 | C10: 6 | D10: 6 | E10: 6 | F10: 6 | G10: 6 | H10: 7 | I10: 10 | J10: 5
A11: Diàlogos realizados | B11: 6 | C11: 6 | D11: 6 | E11: 6 | F11: 6 | G11: 6 | H11: 7 | I11: 10 | J11: 5
A12: # participantes previsto | B12: 95 | C12: 95 | D12: 95 | E12: 95 | F12: 95 | G12: 95 | H12: 95 | I12: 95 | J12: 50
A13: # asistentes | B13: 89 | C13: 90 | D13: 88 | E13: 78 | F13: 80 | G13: 81 | H13: 90 | I13: 90 | J13: 48
A15: I DPS | B15: =(B11*B13*100)/(B10*B12) -> 93.684211 | C15: =(C11*C13*100)/(C10*C12) -> 94.736842 | D15: =(D11*D13*100)/(D10*D12) -> 92.631579 | E15: =(E11*E13*100)/(E10*E12) -> 82.105263 | F15: =(F11*F13*100)/(F10*F12) -> 84.210526 | G15: =(G11*G13*100)/(G10*G12) -> 85.263158 | H15: =(H11*H13*100)/(H10*H12) -> 94.736842 | I15: =(I11*I13*100)/(I10*I12) -> 94.736842 | ... M15: =(M11*M13*100)/(M10*M12) -> #DIV/0!

Sheet IDS
C1: CONTROL DE INDICADORES PROACTIVOS DE GESTIÓN HSE | K1: CODIGO: F-HSE-77
A4: Fecha de emision: 10-01-2022 | C4: Fecha de actualización: 23/06/2025 | I4: Revision: 02 | K4: Pagina 1 de 1
A6: DEMANDA DE SEGURIDAD (DS) | I6: Realizado por: Ing. Diego Cushi MSc.
A7: Reporte de condiciones subestandar | I7: Periodo: 2026
B10: ENE | C10: FEB | D10: MAR | E10: ABR | F10: MAY | G10: JUN | H10: JUL | I10: AGO | J10: SEP | K10: OCT | L10: NOV | M10: DIC
A11: # Condic. Subest. Detectadas | B11: 8 | C11: 7 | D11: 4 | E11: 6 | F11: 7 | G11: 6 | H11: 7 | I11: 6 | J11: 4
A12: # Condic. Subestand. eliminadas | B12: 7 | C12: 7 | D12: 4 | E12: 5 | F12: 6 | G12: 5 | H12: 7 | I12: 6 | J12: 4
A14: I DS | B14: =(B12/B11)*100 -> 87.5 | C14: =(C12/C11)*100 -> 100 | D14: =(D12/D11)*100 -> 100 | E14: =(E12/E11)*100 -> 83.333333 | F14: =(F12/F11)*100 -> 85.714286 | G14: =(G12/G11)*100 -> 83.333333 | H14: =(H12/H11)*100 -> 100 | I14: =(I12/I11)*100 -> 100 | ... M14: =(M12/M11)*100 -> #DIV/0!

Sheet IENTS
C1: CONTROL DE INDICADORES PROACTIVOS DE GESTIÓN HSE | K1: CODIGO: F-HSE-77
A4: Fecha de emision: 10-01-2022 | C4: Fecha de actualización: 23/06/2025 | I4: Revision: 02 | K4: Pagina 1 de 1
A6: ENTRENAMIENTOS DE SEGURIDAD (ENTS) | I6: Realizado por: Ing. Diego Cushi MSc.
A7: Entrenamientos y cursos | I7: Periodo: 2026
B10: ENE | C10: FEB | D10: MAR | E10: ABR | F10: MAY | G10: JUN | H10: JUL | I10: AGO | J10: SEP | K10: OCT | L10: NOV | M10: DIC
A11: # Total empleados prog. Mes | B11: 15 | C11: 60 | D11: 75 | E11: 80 | F11: 80 | G11: 80 | H11: 70 | I11: 70 | J11: 65
A12: # Empleados Capacitados / mes | B12: 15 | C12: 58 | D12: 63 | E12: 76 | F12: 78 | G12: 76 | H12: 65 | I12: 67 | J12: 60
A14: I ENT | B14: =(B12*100)/B11 -> 100 | C14: =(C12*100)/C11 -> 96.666667 | D14: =(D12*100)/D11 -> 84 | E14: =(E12*100)/E11 -> 95 | F14: =(F12*100)/F11 -> 97.5 | G14: =(G12*100)/G11 -> 95 | H14: =(H12*100)/H11 -> 92.857143 | I14: =(I12*100)/I11 -> 95.714286 | ... M14: =(M12*100)/M11 -> #DIV/0!

Sheet OSEA
C1: CONTROL DE INDICADORES PROACTIVOS DE GESTIÓN HSE | K1: CODIGO: F-HSE-77
A4: Fecha de emision: 10-01-2022 | C4: Fecha de actualización: 23/06/2025 | I4: Revision: 02 | K4: Pagina 1 de 1
A6: ORDENES DE TRABAJO ESTANDARIZADAS Y AUDITABLES (OSEA) | I6: Realizado por: Ing. Diego Cushi MSc.
A7: Permisos de trabajo | I7: Periodo: 2026
B10: ENE | C10: FEB | D10: MAR | E10: ABR | F10: MAY | G10: JUN | H10: JUL | I10: AGO | J10: SEP | K10: OCT | L10: NOV | M10: DIC
A11: Total de tareas deberían PT | B11: 8 | C11: 10 | D11: 5 | E11: 4 | F11: 4 | G11: 4 | H11: 4 | I11: 3 | J11: 2
A12: Tareas usando PT | B12: 8 | C12: 10 | D12: 5 | E12: 4 | F12: 4 | G12: 4 | H12: 4 | I12: 3 | J12: 2
A14: I ARTT | B14: =(B12/B11)*100 -> 100 | C14: =(C12/C11)*100 -> 100 | D14: =(D12/D11)*100 -> 100 | E14: =(E12/E11)*100 -> 100 | F14: =(F12/F11)*100 -> 100 | G14: =(G12/G11)*100 -> 100 | H14: =(H12/H11)*100 -> 100 | I14: =(I12/I11)*100 -> 100 | ... M14: =(M12/M11)*100 -> #DIV/0!

Sheet ICAI
C1: CONTROL DE INDICADORES PROACTIVOS DE GESTIÓN HSE | K1: CODIGO: F-HSE-77
A4: Fecha de emision: 10-01-2022 | C4: Fecha de actualización: 23/06/2025 | I4: Revision: 02 | K4: Pagina 1 de 1
A6: Control de accidentes / incidentes (ICAI) | I6: Realizado por: Ing. Diego Cushi MSc.
A7: Reportes de investigaciòn - medidas/acciones correctivas | I7: Periodo: 2026
B10: ENE | C10: FEB | D10: MAR | E10: ABR | F10: MAY | G10: JUN | H10: JUL | I10: AGO | J10: SEP | K10: OCT | L10: NOV | M10: DIC
A11: # Medidas propuestas Plan de Acción | B11: 4 | C11: 6 | D11: 5 | E11: 9 | F11: 8 | G11: 8 | H11: 6 | I11: 7 | J11: 6
A12: # Medidas implementadas Plan de Acción | B12: 4 | C12: 5 | D12: 5 | E12: 8 | F12: 8 | G12: 7 | H12: 5 | I12: 6 | J12: 5
A13: I CAI | B13: =(B12*100)/B11 -> 100 | C13: =(C12*100)/C11 -> 83.333333 | D13: =(D12*100)/D11 -> 100 | E13: =(E12*100)/E11 -> 88.888889 | F13: =(F12*100)/F11 -> 100 | G13: =(G12*100)/G11 -> 87.5 | H13: =(H12*100)/H11 -> 83.333333 | I13: =(I12*100)/I11 -> 85.714286 | ... M13: =(M12*100)/M11 -> #DIV/0!

Sheet INDICE DE GESTIÓN (IG)
F2: CONTROL DE INDICADORES PROACTIVOS DE GESTIÓN HSE | M2: CODIGO: F-HSE-77
C5: Fecha de emision: 10-01-2022 | F5: Fecha de actualización: 23/06/2025 | K5: Revision: 02 | M5: Página 1 de 1
C7: INDICADORES DE GESTIÓN HSE 2026 | K7: Revisado por: Diego Cushi - Jefe HSE
C8: Consolidado por: Equipo HSE CNX | K8: Fecha de actualización: 01/10/2026
C10: INDICADOR | D10: ENE | E10: FEB | F10: MAR | G10: ABR | H10: MAY | I10: JUN | J10: JUL | K10: AGO | L10: SEP | M10: OCT | N10: NOV | O10: DIC | P10: INDICE
C11: ART | D11: =ART!B15 -> 100 | E11: =ART!C15 -> 100 | F11: =ART!D15 -> 100 | G11: =ART!E15 -> 100 | H11: =ART!F15 -> 100 | I11: =ART!G15 -> 100 | J11: =ART!H15 -> 100 | K11: =ART!I15 -> 100 | ... O11: =ART!M15 -> #DIV/0! | P11: =AVERAGE(D11:H11) -> 100
C12: OPAS | D12: =OPAS!B16 -> 100 | E12: =OPAS!C16 -> 100 | F12: =OPAS!D16 -> 100 | G12: =OPAS!E16 -> 100 | H12: =OPAS!F16 -> 100 | I12: =OPAS!G16 -> 100 | J12: =OPAS!H16 -> 100 | K12: =OPAS!I16 -> 100 | ... O12: =OPAS!M16 -> #DIV/0! | P12: =AVERAGE(G12:H12) -> 100
C13: IDPS | D13: =IDPS!B15 -> 93.684211 | E13: =IDPS!C15 -> 94.736842 | F13: =IDPS!D15 -> 92.631579 | G13: =IDPS!E15 -> 82.105263 | H13: =IDPS!F15 -> 84.210526 | I13: =IDPS!G15 -> 85.263158 | J13: =IDPS!H15 -> 94.736842 | K13: =IDPS!I15 -> 94.736842 | ... O13: =IDPS!M15 -> #DIV/0! | P13: =AVERAGE(G13:H13) -> 83.157895
C14: IDS | D14: =IDS!B14 -> 87.5 | E14: =IDS!C14 -> 100 | F14: =IDS!D14 -> 100 | G14: =IDS!E14 -> 83.333333 | H14: =IDS!F14 -> 85.714286 | I14: =IDS!G14 -> 83.333333 | J14: =IDS!H14 -> 100 | K14: =IDS!I14 -> 100 | ... O14: =IDS!M14 -> #DIV/0! | P14: =AVERAGE(G14:H14) -> 84.52381
C15: IENTS | D15: =IENTS!B14 -> 100 | E15: =IENTS!C14 -> 96.666667 | F15: =IENTS!D14 -> 84 | G15: =IENTS!E14 -> 95 | H15: =IENTS!F14 -> 97.5 | I15: =IENTS!G14 -> 95 | J15: =IENTS!H14 -> 92.857143 | K15: =IENTS!I14 -> 95.714286 | ... O15: =IENTS!M14 -> #DIV/0! | P15: =AVERAGE(G15:H15) -> 96.25
C16: OSEA | D16: =OSEA!B14 -> 100 | E16: =OSEA!C14 -> 100 | F16: =OSEA!D14 -> 100 | G16: =OSEA!E14 -> 100 | H16: =OSEA!F14 -> 100 | I16: =OSEA!G14 -> 100 | J16: =OSEA!H14 -> 100 | K16: =OSEA!I14 -> 100 | ... O16: =OSEA!M14 -> #DIV/0! | P16: =AVERAGE(G16:H16) -> 100
C17: CAI | D17: =ICAI!B13 -> 100 | E17: =ICAI!C13 -> 83.333333 | F17: =ICAI!D13 -> 100 | G17: =ICAI!E13 -> 88.888889 | H17: =ICAI!F13 -> 100 | I17: =ICAI!G13 -> 87.5 | J17: =ICAI!H13 -> 83.333333 | K17: =ICAI!I13 -> 85.714286 | ... O17: =ICAI!M13 -> #DIV/0! | P17: =AVERAGE(G17:H17) -> 94.444444
C19: I G | D19: =((D11*5)+(D16*4)+(D12*3)+(D13*2)+(D17*4)+(D14*3)+D15)/22 -> 97.721292 | E19: =((E11*5)+(E16*4)+(E12*3)+(E13*2)+(E17*4)+(E14*3)+E15)/22 -> 96.339713 | F19: =((F11*5)+(F16*4)+(F12*3)+(F13*2)+(F17*4)+(F14*3)+F15)/22 -> 98.602871 | G19: =((G11*5)+(G16*4)+(G12*3)+(G13*2)+(G17*4)+(G14*3)+G15)/22 -> 93.853004 | H19: =((H11*5)+(H16*4)+(H12*3)+(H13*2)+(H17*4)+(H14*3)+H15)/22 -> 96.502905 | I19: =((I11*5)+(I16*4)+(I12*3)+(I13*2)+(I17*4)+(I14*3)+I15)/22 -> 93.88756 | J19: =((J11*5)+(J16*4)+(J12*3)+(J13*2)+(J17*4)+(J14*3)+J15)/22 -> 96.166553 | K19: =((K11*5)+(K16*4)+(K12*3)+(K13*2)+(K17*4)+(K14*3)+K15)/22 -> 96.729323 | ... O19: =((O11*5)+(O16*4)+(O12*3)+(O13*2)+(O17*4)+(O14*3)+O15)/22 -> #DIV/0! | P19: =AVERAGE(D19:J19)/100 -> 0.96153414
B21: * | C21: IE | D21: =((D12*3)+(D13*2)+(D17*4)+(D14*3)+D15)/17 -> 73.521672 | E21: =((E12*3)+(E13*2)+(E17*4)+(E14*3)+E15)/17 -> 71.733746 | F21: =((F12*3)+(F13*2)+(F17*4)+(F14*3)+F15)/17 -> 74.662539 | G21: =((G12*3)+(G13*2)+(G17*4)+(G14*3)+G15)/17 -> 68.515652 | H21: =((H12*3)+(H13*2)+(H17*4)+(H14*3)+H15)/17 -> 71.944936 | I21: =((I12*3)+(I13*2)+(I17*4)+(I14*3)+I15)/17 -> 68.560372 | J21: =((J12*3)+(J13*2)+(J17*4)+(J14*3)+J15)/17 -> 71.509656 | K21: =((K12*3)+(K13*2)+(K17*4)+(K14*3)+K15)/17 -> 72.237948 | ... O21: =((O12*3)+(O13*2)+(O17*4)+(O14*3)+O15)/17 -> #DIV/0! | P21: =AVERAGE(G21:O21) -> #DIV/0!
